{"zoom":11,"min_x":-82.04389711570435,"max_x":-81.34077211570367,"min_y":41.21099481086139,"max_y":41.737807652024884,"startLevel":0,"endLevel":5}