{"zoom":5,"min_x":-103.58153124999572,"max_x":-58.58153124999932,"min_y":20.680199101808192,"max_y":55.006683895132895,"startLevel":0,"endLevel":5}