{"zoom":12,"min_x":-72.46318062496198,"max_x":-72.11161812496164,"min_y":42.800628008295114,"max_y":43.058039473607444,"startLevel":0,"endLevel":6}